1,google.com
2,youtube.com
3,facebook.com
4,netflix.com
5,microsoft.com
6,twitter.com
7,instagram.com
8,tmall.com
9,linkedin.com
10,apple.com
11,qq.com
12,wikipedia.org
13,baidu.com
14,sohu.com
15,googletagmanager.com
16,live.com
17,yahoo.com
18,amazon.com
19,wordpress.org
20,youtu.be
21,taobao.com
22,netflix.net
23,pinterest.com
24,360.cn
25,adobe.com
26,windowsupdate.com
27,vimeo.com
28,office.com
29,jd.com
30,microsoftonline.com
31,zoom.us
32,amazonaws.com
33,bing.com
34,wordpress.com
35,goo.gl
36,reddit.com
37,github.com
38,weibo.com
39,doubleclick.net
40,bit.ly
41,googleusercontent.com
42,sina.com.cn
43,xinhuanet.com
44,blogspot.com
45,mozilla.org
46,whatsapp.com
47,msn.com
48,google-analytics.com
49,tumblr.com
50,macromedia.com
51,vk.com
52,nytimes.com
53,flickr.com
54,europa.eu
55,nih.gov
56,gravatar.com
57,skype.com
58,akamaiedge.net
59,office365.com
60,dropbox.com
61,soundcloud.com
62,spotify.com
63,akadns.net
64,google.com.hk
65,panda.tv
66,medium.com
67,zhanqi.tv
68,t.co
69,myshopify.com
70,icloud.com
71,alipay.com
72,apache.org
73,csdn.net
74,forbes.com
75,cnn.com
76,ebay.com
77,paypal.com
78,w3.org
79,yahoo.co.jp
80,theguardian.com
81,twitch.tv
82,cloudflare.com
83,archive.org
84,sourceforge.net
85,imdb.com
86,github.io
87,bbc.co.uk
88,bongacams.com
89,lencr.org
90,bbc.com
91,naver.com
92,force.com
93,amazon.in
94,creativecommons.org
95,forms.gle
96,who.int
97,aaplimg.com
98,office.net
99,okezone.com
100,issuu.com
101,weebly.com
102,yandex.ru
103,aliexpress.com
104,etsy.com
105,tiktok.com
106,windows.net
107,googlesyndication.com
108,wixsite.com
109,washingtonpost.com
110,cdc.gov
111,stackoverflow.com
112,huanqiu.com
113,yy.com
114,amazon.co.jp
115,tianya.cn
116,outlook.com
117,googleadservices.com
118,aparat.com
119,ytimg.com
120,chaturbate.com
121,reuters.com
122,t.me
123,canva.com
124,tinyurl.com
125,sciencedirect.com
126,wix.com
127,wikimedia.org
128,bloomberg.com
129,wsj.com
130,indeed.com
131,mail.ru
132,apple-dns.net
133,digicert.com
134,youtube-nocookie.com
135,google.de
136,slideshare.net
137,oracle.com
138,opera.com
139,businessinsider.com
140,so.com
141,imgur.com
142,17ok.com
143,miit.gov.cn
144,php.net
145,1688.com
146,harvard.edu
147,wp.com
148,amazon.co.uk
149,mit.edu
150,google.co.in
151,researchgate.net
152,blogger.com
153,godaddy.com
154,fbcdn.net
155,cnet.com
156,list-manage.com
157,sharepoint.com
158,ok.ru
159,wiley.com
160,booking.com
161,gnu.org
162,ibm.com
163,identrust.com
164,dailymail.co.uk
165,tradingview.com
166,go.com
167,cnbc.com
168,instructure.com
169,google.com.br
170,stanford.edu
171,wa.me
172,app-measurement.com
173,163.com
174,nature.com
175,windows.com
176,googlevideo.com
177,salesforce.com
178,espn.com
179,usatoday.com
180,google.co.jp
181,un.org
182,walmart.com
183,hp.com
184,chase.com
185,eventbrite.com
186,surveymonkey.com
187,alibaba.com
188,doi.org
189,fandom.com
190,cloudfront.net
191,www.gov.uk
192,nginx.org
193,unsplash.com
194,springer.com
195,nasa.gov
196,telegraph.co.uk
197,flipkart.com
198,google.co.uk
199,freepik.com
200,gvt2.com
201,bitly.com
202,time.com
203,yelp.com
204,haosou.com
205,cpanel.net
206,pornhub.com
207,npr.org
208,pikiran-rakyat.com
209,mailchimp.com
210,ted.com
211,samsung.com
212,tribunnews.com
213,behance.net
214,nginx.com
215,scorecardresearch.com
216,rakuten.co.jp
217,themeforest.net
218,nflxso.net
219,google.cn
220,facebook.net
221,myspace.com
222,grammarly.com
223,dailymotion.com
224,amazon-adsystem.com
225,akamai.net
226,shopify.com
227,wired.com
228,amazon.de
229,scribd.com
230,cpanel.com
231,opendns.com
232,indiatimes.com
233,telegram.org
234,techcrunch.com
235,huffingtonpost.com
236,ca.gov
237,line.me
238,google.fr
239,zendesk.com
240,coinmarketcap.com
241,livejasmin.com
242,addthis.com
243,goodreads.com
244,msedge.net
245,slack.com
246,babytree.com
247,gome.com.cn
248,ggpht.com
249,addtoany.com
250,cnblogs.com
251,mysql.com
252,google.es
253,xvideos.com
254,googletagservices.com
255,squarespace.com
256,independent.co.uk
257,aol.com
258,foxnews.com
259,pixabay.com
260,w3schools.com
261,berkeley.edu
262,amzn.to
263,google.ru
264,tripadvisor.com
265,hugedomains.com
266,latimes.com
267,6.cn
268,zillow.com
269,intuit.com
270,adnxs.com
271,stackexchange.com
272,wetransfer.com
273,healthline.com
274,google.it
275,akamaized.net
276,sitemaps.org
277,fiverr.com
278,demdex.net
279,fb.com
280,xhamster.com
281,youku.com
282,shutterstock.com
283,livejournal.com
284,arnebrachhold.de
285,free.fr
286,debian.org
287,theverge.com
288,ft.com
289,kompas.com
290,taboola.com
291,udemy.com
292,ettoday.net
293,bilibili.com
294,webmd.com
295,loc.gov
296,rednet.cn
297,kickstarter.com
298,quora.com
299,statista.com
300,wikihow.com
301,cornell.edu
302,ilovepdf.com
303,savefrom.net
304,intel.com
305,theatlantic.com
306,beian.gov.cn
307,statcounter.com
308,nationalgeographic.com
309,roblox.com
310,ietf.org
311,investopedia.com
312,cbsnews.com
313,mediafire.com
314,hao123.com
315,adsrvr.org
316,daum.net
317,google.ca
318,fda.gov
319,washington.edu
320,aliyun.com
321,prnewswire.com
322,cisco.com
323,marriott.com
324,ikea.com
325,trello.com
326,g.page
327,binance.com
328,deviantart.com
329,box.com
330,tandfonline.com
331,mailchi.mp
332,hubspot.com
333,twimg.com
334,snapchat.com
335,speedtest.net
336,giphy.com
337,huffpost.com
338,usnews.com
339,rubiconproject.com
340,duckduckgo.com
341,nbcnews.com
342,android.com
343,deepl.com
344,marketwatch.com
345,aboutads.info
346,dell.com
347,gmail.com
348,pubmatic.com
349,jimdo.com
350,pki.goog
351,digg.com
352,amazon.ca
353,webex.com
354,buzzfeed.com
355,e2ro.com
356,akismet.com
357,weather.com
358,detik.com
359,padlet.com
360,azure.com
361,ntp.org
362,linktr.ee
363,nr-data.net
364,americanexpress.com
365,oup.com
366,bestbuy.com
367,google.com.tw
368,about.com
369,state.gov
370,akamaihd.net
371,business.site
372,edgekey.net
373,fedex.com
374,craigslist.org
375,google.com.sg
376,cambridge.org
377,msftconnecttest.com
378,sagepub.com
379,criteo.com
380,2mdn.net
381,wellsfargo.com
382,hbr.org
383,princeton.edu
384,bandcamp.com
385,digikala.com
386,zhihu.com
387,rlcdn.com
388,evernote.com
389,pixnet.net
390,academia.edu
391,tistory.com
392,launchpad.net
393,coursera.org
394,typepad.com
395,ups.com
396,casalemedia.com
397,sciencemag.org
398,msftncsi.com
399,change.org
400,constantcontact.com
401,safebrowsing.apple
402,uol.com.br
403,economist.com
404,pinimg.com
405,primevideo.com
406,allaboutcookies.org
407,ampproject.org
408,pinterest.ca
409,airbnb.com
410,networkadvertising.org
411,disqus.com
412,unesco.org
413,51.la
414,globo.com
415,pbs.org
416,patreon.com
417,usda.gov
418,nypost.com
419,usps.com
420,britannica.com
421,openx.net
422,whitehouse.gov
423,fastly.net
424,mayoclinic.org
425,mashable.com
426,jiameng.com
427,trustpilot.com
428,stumbleupon.com
429,swiat-kamienia.pl
430,irs.gov
431,moatads.com
432,noaa.gov
433,cnzz.com
434,target.com
435,hulu.com
436,newrelic.com
437,businesswire.com
438,columbia.edu
439,umich.edu
440,epa.gov
441,vice.com
442,eepurl.com
443,discord.com
444,bidswitch.net
445,zoho.com
446,outbrain.com
447,homedepot.com
448,google.com.mx
449,gvt1.com
450,cbc.ca
451,getpocket.com
452,fc2.com
453,varzesh3.com
454,quizlet.com
455,jquery.com
456,arcgis.com
457,engadget.com
458,redhat.com
459,rt.com
460,smallpdf.com
461,fb.me
462,vox.com
463,feedburner.com
464,psu.edu
465,people.com.cn
466,onlinesbi.com
467,investing.com
468,hotstar.com
469,google.com.tr
470,whatsapp.net
471,yale.edu
472,abc.net.au
473,iso.org
474,worldbank.org
475,advertising.com
476,sciencedaily.com
477,wpengine.com
478,bet9ja.com
479,gosuslugi.ru
480,webs.com
481,azureedge.net
482,example.com
483,zdnet.com
484,ebay.de
485,gofundme.com
486,trafficmanager.net
487,calendly.com
488,pexels.com
489,teamviewer.com
490,typeform.com
491,steampowered.com
492,dribbble.com
493,cdninstagram.com
494,elsevier.com
495,upenn.edu
496,meetup.com
497,istockphoto.com
498,fastcompany.com
499,bluekai.com
500,suara.com
501,kumparan.com
502,stripe.com
503,hdfcbank.com
504,canada.ca
505,haiwainet.cn
506,mozilla.com
507,telegram.me
508,xnxx.com
509,newyorker.com
510,plesk.com
511,everesttech.net
512,dw.com
513,trendyol.com
514,merriam-webster.com
515,capitalone.com
516,wisc.edu
517,agkn.com
518,inc.com
519,qualtrics.com
520,grid.id
521,att.com
522,tripod.com
523,nike.com
524,apnews.com
525,sogou.com
526,psychologytoday.com
527,3lift.com
528,gotowebinar.com
529,telewebion.com
530,secureserver.net
531,deloitte.com
532,upwork.com
533,adsafeprotected.com
534,avito.ru
535,gizmodo.com
536,zerodha.com
537,mathtag.com
538,quantserve.com
539,ieee.org
540,entrepreneur.com
541,fortune.com
542,geocities.com
543,theconversation.com
544,amazon.fr
545,hootsuite.com
546,kakao.com
547,yimg.com
548,envato.com
549,ox.ac.uk
550,disneyplus.com
551,plos.org
552,hotjar.com
553,guardian.co.uk
554,ndtv.com
555,ameblo.jp
556,medicalnewstoday.com
557,sun.com
558,jotform.com
559,krxd.net
560,doubleverify.com
561,bankofamerica.com
562,bet365.com
563,bbb.org
564,umn.edu
565,bmj.com
566,soso.com
567,huawei.com
568,tapad.com
569,photobucket.com
570,scientificamerican.com
571,momoshop.com.tw
572,ubuntu.com
573,weforum.org
574,google.co.th
575,glassdoor.com
576,oreilly.com
577,vkontakte.ru
578,metropoles.com
579,youronlinechoices.com
580,discord.gg
581,crashlytics.com
582,jhu.edu
583,chess.com
584,arxiv.org
585,amazon.it
586,bootstrapcdn.com
587,mckinsey.com
588,newsweek.com
589,realtor.com
590,tudou.com
591,elegantthemes.com
592,biomedcentral.com
593,ebay.co.uk
594,okta.com
595,redd.it
596,pcmag.com
597,cnnic.cn
598,apa.org
599,ltn.com.tw
600,wayfair.com
601,appsflyer.com
602,sfgate.com
603,nvidia.com
604,uci.edu
605,chicagotribune.com
606,indiegogo.com
607,ucla.edu
608,asos.com
609,slate.com
610,python.org
611,cmu.edu
612,mzstatic.com
613,oecd.org
614,youm7.com
615,mlb.com
616,accuweather.com
617,elpais.com
618,notion.so
619,fontawesome.com
620,google.pl
621,google.com.au
622,lenovo.com
623,bluehost.com
624,aboutcookies.org
625,hilton.com
626,cam.ac.uk
627,crwdcntrl.net
628,fidelity.com
629,blackboard.com
630,steamcommunity.com
631,spotxchange.com
632,ed.gov
633,utexas.edu
634,icicibank.com
635,albawabhnews.com
636,ask.com
637,spiegel.de
638,verisign.com
639,openstreetmap.org
640,xing.com
641,pewresearch.org
642,ftc.gov
643,nps.gov
644,redfin.com
645,wikia.com
646,360.com
647,timeanddate.com
648,wiktionary.org
649,adform.net
650,arstechnica.com
651,cbslocal.com
652,gitlab.com
653,bizjournals.com
654,llnwd.net
655,edgesuite.net
656,chron.com
657,uchicago.edu
658,symantec.com
659,orange.fr
660,visualstudio.com
661,adp.com
662,amazon.es
663,google.com.ar
664,lazada.sg
665,dotomi.com
666,jstor.org
667,atlassian.com
668,google.com.sa
669,ny.gov
670,qz.com
671,www.gov.cn
672,mirror.co.uk
673,si.edu
674,azurewebsites.net
675,uk.com
676,verizon.com
677,media.net
678,howstuffworks.com
679,appspot.com
680,licdn.com
681,thesun.co.uk
682,manoramaonline.com
683,sfx.ms
684,docker.com
685,sahibinden.com
686,nist.gov
687,house.gov
688,google.com.eg
689,thelancet.com
690,mercadolibre.com.mx
691,chegg.com
692,politico.com
693,fao.org
694,1rx.io
695,remove.bg
696,nikkei.com
697,about.me
698,pnas.org
699,farfetch.com
700,videocampaign.co
701,nfl.com
702,turn.com
703,bitnami.com
704,fool.com
705,chinadaily.com.cn
706,smartadserver.com
707,purdue.edu
708,gartner.com
709,lijit.com
710,barnesandnoble.com
711,khanacademy.org
712,ea.com
713,usc.edu
714,adobe.io
715,smh.com.au
716,omtrdc.net
717,mercadolibre.com.ar
718,namnak.com
719,livescience.com
720,gov.ao
721,docusign.com
722,vmware.com
723,patch.com
724,y2mate.com
725,tencent.com
726,variety.com
727,uiuc.edu
728,japanpost.jp
729,nyu.edu
730,jamanetwork.com
731,icloud-content.com
732,setn.com
733,census.gov
734,worldometers.info
735,jsdelivr.net
736,nydailynews.com
737,altervista.org
738,typekit.net
739,anchor.fm
740,opensea.io
741,googleblog.com
742,bidr.io
743,allegro.pl
744,etoro.com
745,avast.com
746,geeksforgeeks.org
747,google.co.id
748,live.net
749,feedly.com
750,playstation.com
751,zol.com.cn
752,news.com.au
753,rollingstone.com
754,media-amazon.com
755,autodesk.com
756,tiktokv.com
757,shareasale.com
758,sindonews.com
759,myworkday.com
760,criteo.net
761,xfinity.com
762,yahoodns.net
763,mercari.com
764,acs.org
765,tableau.com
766,globenewswire.com
767,lifehacker.com
768,sonhoo.com
769,sharethrough.com
770,ign.com
771,senate.gov
772,uber.com
773,aliexpress.ru
774,googleapis.com
775,iqiyi.com
776,proofpoint.com
777,usgs.gov
778,shopee.tw
779,merdeka.com
780,sec.gov
781,venturebeat.com
782,us.com
783,hhs.gov
784,apple.news
785,douban.com
786,discordapp.com
787,mdpi.com
788,sitescout.com
789,withgoogle.com
790,thesaurus.com
791,over-blog.com
792,reverso.net
793,shein.com
794,liadm.com
795,softonic.com
796,netscape.com
797,bls.gov
798,amazon.com.mx
799,ning.com
800,techradar.com
801,aljazeera.com
802,imrworldwide.com
803,miitbeian.gov.cn
804,moneycontrol.com
805,dhl.com
806,breitbart.com
807,wildberries.ru
808,earthlink.net
809,indiamart.com
810,appcenter.ms
811,norton.com
812,spankbang.com
813,blogspot.co.uk
814,inquirer.net
815,adobedtm.com
816,sky.com
817,msu.edu
818,sakura.ne.jp
819,nejm.org
820,rokna.net
821,in.gr
822,instructables.com
823,go-mpulse.net
824,thawte.com
825,tiktokcdn.com
826,hatenablog.com
827,shaparak.ir
828,braze.com
829,sectigo.com
830,teads.tv
831,siemens.com
832,m.me
833,matterport.com
834,joomla.org
835,people.com
836,thedailybeast.com
837,enable-javascript.com
838,seekingalpha.com
839,asus.com
840,frontiersin.org
841,postgresql.org
842,thehill.com
843,ucsd.edu
844,prezi.com
845,liputan6.com
846,namu.wiki
847,thetimes.co.uk
848,duke.edu
849,zemanta.com
850,ufl.edu
851,rambler.ru
852,proiezionidiborsa.it
853,neobux.com
854,ozon.ru
855,parallels.com
856,tremorhub.com
857,hicloud.com
858,sberbank.ru
859,ria.ru
860,truste.com
861,www.nhs.uk
862,slashdot.org
863,getbootstrap.com
864,ow.ly
865,squareup.com
866,rakuten.com
867,moodle.org
868,foursquare.com
869,hatena.ne.jp
870,automattic.com
871,gstatic.com
872,scmp.com
873,hbomax.com
874,branch.io
875,eff.org
876,umd.edu
877,trustarc.com
878,nflximg.com
879,thefreedictionary.com
880,mixcloud.com
881,northwestern.edu
882,jawapos.com
883,thepiratebay.org
884,docusign.net
885,citi.com
886,optimizely.com
887,emxdgt.com
888,contextweb.com
889,privacyshield.gov
890,donya-e-eqtesad.com
891,lemonde.fr
892,express.co.uk
893,hostgator.com
894,today.com
895,itu.int
896,cdn-apple.com
897,hollywoodreporter.com
898,history.com
899,unicef.org
900,myworkdayjobs.com
901,utoronto.ca
902,dot.gov
903,comodoca.com
904,coingecko.com
905,costco.com
906,expedia.com
907,cbssports.com
908,alexa.com
909,theglobeandmail.com
910,digitaltrends.com
911,google.co.kr
912,rottentomatoes.com
913,techtarget.com
914,mystrikingly.com
915,web.de
916,themeisle.com
917,filesusr.com
918,genius.com
919,google.nl
920,urbandictionary.com
921,linksynergy.com
922,adsymptotic.com
923,cricbuzz.com
924,nhk.or.jp
925,unc.edu
926,moz.com
927,imageshack.us
928,readthedocs.io
929,exelator.com
930,woocommerce.com
931,icann.org
932,drupal.org
933,hindustantimes.com
934,cookielaw.org
935,lowes.com
936,dictionary.com
937,tokopedia.com
938,indianexpress.com
939,gumroad.com
940,t-online.de
941,id5-sync.com
942,google.com.vn
943,gamespot.com
944,goo.ne.jp
945,ticketmaster.com
946,newscientist.com
947,ssl-images-amazon.com
948,boston.com
949,libsyn.com
950,nymag.com
951,apachefriends.org
952,mapquest.com
953,justice.gov
954,premierbet.co.ao
955,houzz.com
956,ebay-kleinanzeigen.de
957,google.com.ua
958,mitre.org
959,wufoo.com
960,angelfire.com
961,admin.ch
962,adblockplus.org
963,ssrn.com
964,illinois.edu
965,hepsiburada.com
966,nsw.gov.au
967,sap.com
968,focus.cn
969,bukalapak.com
970,liansuo.com
971,w55c.net
972,iyiou.com
973,nicovideo.jp
974,gallup.com
975,asu.edu
976,nba.com
977,flashtalking.com
978,bscscan.com
979,epicgames.com
980,biblegateway.com
981,rfihub.com
982,jocial.com
983,kernel.org
984,openssl.org
985,is.gd
986,audible.com
987,technologyreview.com
988,globalsign.net
989,neilpatel.com
990,google.ro
991,metro.co.uk
992,macys.com
993,shopee.com.my
994,uspto.gov
995,adjust.com
996,naukri.com
997,pwc.com
998,zend.com
999,wunderground.com
1000,iana.org